class,gc_content
promoter,47.368421052631575
promoter,47.368421052631575
promoter,40.35087719298245
promoter,36.84210526315789
promoter,42.10526315789473
promoter,47.368421052631575
promoter,50.877192982456144
promoter,31.57894736842105
promoter,42.10526315789473
promoter,43.859649122807014
promoter,52.63157894736842
promoter,49.122807017543856
promoter,38.59649122807017
promoter,50.877192982456144
promoter,43.859649122807014
promoter,54.385964912280706
promoter,50.877192982456144
promoter,35.08771929824561
promoter,54.385964912280706
promoter,36.84210526315789
promoter,56.14035087719298
promoter,36.84210526315789
promoter,35.08771929824561
promoter,47.368421052631575
promoter,26.31578947368421
promoter,31.57894736842105
promoter,47.368421052631575
promoter,36.84210526315789
promoter,38.59649122807017
promoter,38.59649122807017
promoter,42.10526315789473
promoter,35.08771929824561
promoter,64.91228070175438
promoter,40.35087719298245
promoter,40.35087719298245
promoter,54.385964912280706
promoter,43.859649122807014
promoter,45.614035087719294
promoter,42.10526315789473
promoter,43.859649122807014
promoter,40.35087719298245
promoter,36.84210526315789
promoter,47.368421052631575
promoter,35.08771929824561
promoter,36.84210526315789
promoter,31.57894736842105
promoter,29.82456140350877
promoter,49.122807017543856
promoter,33.33333333333333
promoter,49.122807017543856
promoter,26.31578947368421
promoter,47.368421052631575
promoter,26.31578947368421
non-promoter,47.368421052631575
non-promoter,43.859649122807014
non-promoter,47.368421052631575
non-promoter,47.368421052631575
non-promoter,56.14035087719298
non-promoter,47.368421052631575
non-promoter,43.859649122807014
non-promoter,47.368421052631575
non-promoter,57.89473684210527
non-promoter,56.14035087719298
non-promoter,50.877192982456144
non-promoter,45.614035087719294
non-promoter,57.89473684210527
non-promoter,47.368421052631575
non-promoter,38.59649122807017
non-promoter,43.859649122807014
non-promoter,56.14035087719298
non-promoter,57.89473684210527
non-promoter,45.614035087719294
non-promoter,50.877192982456144
non-promoter,47.368421052631575
non-promoter,56.14035087719298
non-promoter,52.63157894736842
non-promoter,49.122807017543856
non-promoter,59.64912280701754
non-promoter,42.10526315789473
non-promoter,54.385964912280706
non-promoter,45.614035087719294
non-promoter,59.64912280701754
non-promoter,45.614035087719294
non-promoter,56.14035087719298
non-promoter,45.614035087719294
non-promoter,50.877192982456144
non-promoter,49.122807017543856
non-promoter,59.64912280701754
non-promoter,47.368421052631575
non-promoter,50.877192982456144
non-promoter,43.859649122807014
non-promoter,45.614035087719294
non-promoter,49.122807017543856
non-promoter,43.859649122807014
non-promoter,54.385964912280706
non-promoter,49.122807017543856
non-promoter,47.368421052631575
non-promoter,42.10526315789473
non-promoter,40.35087719298245
non-promoter,49.122807017543856
non-promoter,49.122807017543856
non-promoter,45.614035087719294
non-promoter,40.35087719298245
non-promoter,54.385964912280706
non-promoter,50.877192982456144
non-promoter,33.33333333333333
