kmer,promoter_frequency,non_promoter_frequency,enrichment
AA,0.09400269541778976,0.05256064690026954,1.788461504434912
AC,0.05997304582210242,0.06704851752021564,0.8944723484683721
AG,0.04413746630727763,0.06233153638814016,0.7081080967477577
AT,0.08018867924528301,0.06132075471698113,1.3076922863668643
CA,0.05592991913746631,0.060309973045822106,0.9273742862991794
CC,0.05020215633423181,0.039420485175202157,1.2735042411986275
CG,0.05559299191374663,0.06435309973045822,0.8638743321257643
CT,0.06098382749326146,0.07412398921832884,0.8227272616279341
GA,0.04683288409703504,0.08086253369272237,0.5791666595043057
GC,0.058288409703504046,0.06401617250673855,0.9105263015660944
GG,0.034703504043126686,0.049528301886792456,0.7006802579617755
GT,0.05929919137466307,0.05862533692722372,1.0114942356200294
TA,0.0805256064690027,0.05087601078167116,1.5827814258430777
TC,0.05289757412398922,0.06570080862533692,0.8051281928737413
TG,0.06637466307277629,0.07951482479784366,0.8347457522138756
TT,0.10006738544474393,0.06940700808625337,1.441747552043171
